{
  "heldout_affine_left_zoom_sample1": {
    "ComplexCapsuleB (phase=angle)": {
      "examples": 10000,
      "phase_dims": 8,
      "phase_std": 1.7608774900436401,
      "factor_correlations": {
        "angle_degrees": {
          "best_feature": "sin_dim_0",
          "best_corr": 0.0648864358663559,
          "best_abs_corr": 0.0648864358663559,
          "mean_abs_corr": 0.02466178499162197
        },
        "translate_x_frac": {
          "best_feature": "cos_dim_0",
          "best_corr": 0.060678381472826004,
          "best_abs_corr": 0.060678381472826004,
          "mean_abs_corr": 0.023358836770057678
        },
        "translate_y_frac": {
          "best_feature": "cos_dim_5",
          "best_corr": 0.10232152789831161,
          "best_abs_corr": 0.10232152789831161,
          "mean_abs_corr": 0.0360184945166111
        },
        "scale": {
          "best_feature": "cos_dim_3",
          "best_corr": 0.02699805423617363,
          "best_abs_corr": 0.02699805423617363,
          "mean_abs_corr": 0.010497855953872204
        },
        "shear_x_degrees": {
          "best_feature": "sin_dim_1",
          "best_corr": -0.05740458890795708,
          "best_abs_corr": 0.05740458890795708,
          "mean_abs_corr": 0.022477522492408752
        },
        "shear_y_degrees": {
          "best_feature": "cos_dim_0",
          "best_corr": -0.020077141001820564,
          "best_abs_corr": 0.020077141001820564,
          "mean_abs_corr": 0.005946693941950798
        }
      }
    }
  },
  "heldout_affine_left_zoom_sample2": {
    "ComplexCapsuleB (phase=angle)": {
      "examples": 10000,
      "phase_dims": 8,
      "phase_std": 1.7598059177398682,
      "factor_correlations": {
        "angle_degrees": {
          "best_feature": "sin_dim_0",
          "best_corr": 0.07766509801149368,
          "best_abs_corr": 0.07766509801149368,
          "mean_abs_corr": 0.0294813122600317
        },
        "translate_x_frac": {
          "best_feature": "cos_dim_7",
          "best_corr": -0.07202424854040146,
          "best_abs_corr": 0.07202424854040146,
          "mean_abs_corr": 0.02521837130188942
        },
        "translate_y_frac": {
          "best_feature": "cos_dim_5",
          "best_corr": 0.08841899782419205,
          "best_abs_corr": 0.08841899782419205,
          "mean_abs_corr": 0.03911249339580536
        },
        "scale": {
          "best_feature": "sin_dim_1",
          "best_corr": -0.025121042504906654,
          "best_abs_corr": 0.025121042504906654,
          "mean_abs_corr": 0.011525421403348446
        },
        "shear_x_degrees": {
          "best_feature": "sin_dim_0",
          "best_corr": 0.042477402836084366,
          "best_abs_corr": 0.042477402836084366,
          "mean_abs_corr": 0.017748067155480385
        },
        "shear_y_degrees": {
          "best_feature": "sin_dim_0",
          "best_corr": -0.016135219484567642,
          "best_abs_corr": 0.016135219484567642,
          "mean_abs_corr": 0.0061629656702280045
        }
      }
    }
  },
  "heldout_affine_left_zoom_sample3": {
    "ComplexCapsuleB (phase=angle)": {
      "examples": 10000,
      "phase_dims": 8,
      "phase_std": 1.7588286399841309,
      "factor_correlations": {
        "angle_degrees": {
          "best_feature": "sin_dim_0",
          "best_corr": 0.06990908831357956,
          "best_abs_corr": 0.06990908831357956,
          "mean_abs_corr": 0.023655075579881668
        },
        "translate_x_frac": {
          "best_feature": "cos_dim_7",
          "best_corr": -0.06029423326253891,
          "best_abs_corr": 0.06029423326253891,
          "mean_abs_corr": 0.02508564107120037
        },
        "translate_y_frac": {
          "best_feature": "cos_dim_5",
          "best_corr": 0.09306016564369202,
          "best_abs_corr": 0.09306016564369202,
          "mean_abs_corr": 0.03384578973054886
        },
        "scale": {
          "best_feature": "sin_dim_1",
          "best_corr": -0.031305957585573196,
          "best_abs_corr": 0.031305957585573196,
          "mean_abs_corr": 0.013251968659460545
        },
        "shear_x_degrees": {
          "best_feature": "sin_dim_0",
          "best_corr": 0.06292297691106796,
          "best_abs_corr": 0.06292297691106796,
          "mean_abs_corr": 0.021353207528591156
        },
        "shear_y_degrees": {
          "best_feature": "cos_dim_3",
          "best_corr": 0.021196868270635605,
          "best_abs_corr": 0.021196868270635605,
          "mean_abs_corr": 0.01071579847484827
        }
      }
    }
  },
  "heldout_affine_left_zoom_sample4": {
    "ComplexCapsuleB (phase=angle)": {
      "examples": 10000,
      "phase_dims": 8,
      "phase_std": 1.7607699632644653,
      "factor_correlations": {
        "angle_degrees": {
          "best_feature": "sin_dim_0",
          "best_corr": 0.086614690721035,
          "best_abs_corr": 0.086614690721035,
          "mean_abs_corr": 0.026548266410827637
        },
        "translate_x_frac": {
          "best_feature": "cos_dim_7",
          "best_corr": -0.05660276859998703,
          "best_abs_corr": 0.05660276859998703,
          "mean_abs_corr": 0.023527473211288452
        },
        "translate_y_frac": {
          "best_feature": "cos_dim_3",
          "best_corr": 0.10031270980834961,
          "best_abs_corr": 0.10031270980834961,
          "mean_abs_corr": 0.039082370698451996
        },
        "scale": {
          "best_feature": "sin_dim_1",
          "best_corr": -0.02280670404434204,
          "best_abs_corr": 0.02280670404434204,
          "mean_abs_corr": 0.009034568443894386
        },
        "shear_x_degrees": {
          "best_feature": "sin_dim_0",
          "best_corr": 0.04484174773097038,
          "best_abs_corr": 0.04484174773097038,
          "mean_abs_corr": 0.016938691958785057
        },
        "shear_y_degrees": {
          "best_feature": "sin_dim_0",
          "best_corr": 0.03208518400788307,
          "best_abs_corr": 0.03208518400788307,
          "mean_abs_corr": 0.009352244436740875
        }
      }
    }
  },
  "heldout_affine_left_zoom_sample5": {
    "ComplexCapsuleB (phase=angle)": {
      "examples": 10000,
      "phase_dims": 8,
      "phase_std": 1.758412480354309,
      "factor_correlations": {
        "angle_degrees": {
          "best_feature": "sin_dim_0",
          "best_corr": 0.07577759027481079,
          "best_abs_corr": 0.07577759027481079,
          "mean_abs_corr": 0.027882983908057213
        },
        "translate_x_frac": {
          "best_feature": "cos_dim_7",
          "best_corr": -0.06614188849925995,
          "best_abs_corr": 0.06614188849925995,
          "mean_abs_corr": 0.02397340163588524
        },
        "translate_y_frac": {
          "best_feature": "cos_dim_5",
          "best_corr": 0.09830007702112198,
          "best_abs_corr": 0.09830007702112198,
          "mean_abs_corr": 0.03982582688331604
        },
        "scale": {
          "best_feature": "sin_dim_0",
          "best_corr": 0.031477682292461395,
          "best_abs_corr": 0.031477682292461395,
          "mean_abs_corr": 0.013361195102334023
        },
        "shear_x_degrees": {
          "best_feature": "sin_dim_0",
          "best_corr": 0.04840845614671707,
          "best_abs_corr": 0.04840845614671707,
          "mean_abs_corr": 0.01471495721489191
        },
        "shear_y_degrees": {
          "best_feature": "cos_dim_5",
          "best_corr": -0.022969597950577736,
          "best_abs_corr": 0.022969597950577736,
          "mean_abs_corr": 0.009082628414034843
        }
      }
    }
  },
  "heldout_affine_right_zoom_sample1": {
    "ComplexCapsuleB (phase=angle)": {
      "examples": 10000,
      "phase_dims": 8,
      "phase_std": 1.7559202909469604,
      "factor_correlations": {
        "angle_degrees": {
          "best_feature": "sin_dim_0",
          "best_corr": -0.09930548071861267,
          "best_abs_corr": 0.09930548071861267,