{
  "clean": {
    "RealCapsuleLarge": {
      "accuracy": 0.9848,
      "loss": 1.486655516052246,
      "phase_mean": null,
      "phase_std": null,
      "phase_collapsed": null
    },
    "ComplexCapsuleB (phase=angle)": {
      "accuracy": 0.9882,
      "loss": 0.48572035446166995,
      "phase_mean": -0.001414004247635603,
      "phase_std": 1.8437389135360718,
      "phase_collapsed": false
    }
  },
  "translate4": {
    "RealCapsuleLarge": {
      "accuracy": 0.9536,
      "loss": 1.5219072441101074,
      "phase_mean": null,
      "phase_std": null,
      "phase_collapsed": null
    },
    "ComplexCapsuleB (phase=angle)": {
      "accuracy": 0.9636,
      "loss": 0.557866583442688,
      "phase_mean": 0.024903036653995514,
      "phase_std": 1.8415327072143555,
      "phase_collapsed": false
    }
  },
  "translate8": {
    "RealCapsuleLarge": {
      "accuracy": 0.1778,
      "loss": 2.273348394393921,
      "phase_mean": null,
      "phase_std": null,
      "phase_collapsed": null
    },
    "ComplexCapsuleB (phase=angle)": {
      "accuracy": 0.1724,
      "loss": 2.5388058097839354,
      "phase_mean": 0.03805945813655853,
      "phase_std": 1.9440927505493164,
      "phase_collapsed": false
    }
  },
  "scale085": {
    "RealCapsuleLarge": {
      "accuracy": 0.9729,
      "loss": 1.5003852439880372,
      "phase_mean": null,
      "phase_std": null,
      "phase_collapsed": null
    },
    "ComplexCapsuleB (phase=angle)": {
      "accuracy": 0.9783,
      "loss": 0.5199194079399109,
      "phase_mean": 0.056851595640182495,
      "phase_std": 1.8384335041046143,
      "phase_collapsed": false
    }
  },
  "scale115": {
    "RealCapsuleLarge": {
      "accuracy": 0.9793,
      "loss": 1.495071180152893,
      "phase_mean": null,
      "phase_std": null,
      "phase_collapsed": null
    },
    "ComplexCapsuleB (phase=angle)": {
      "accuracy": 0.9841,
      "loss": 0.4993308897972107,
      "phase_mean": -0.007854248397052288,
      "phase_std": 1.8492149114608765,
      "phase_collapsed": false
    }
  },
  "shear15": {
    "RealCapsuleLarge": {
      "accuracy": 0.9815,
      "loss": 1.491438132095337,
      "phase_mean": null,
      "phase_std": null,
      "phase_collapsed": null
    },
    "ComplexCapsuleB (phase=angle)": {
      "accuracy": 0.9857,
      "loss": 0.4961693999767304,
      "phase_mean": 0.020988084375858307,
      "phase_std": 1.850940227508545,
      "phase_collapsed": false
    }
  },
  "affine_moderate": {
    "RealCapsuleLarge": {
      "accuracy": 0.8792,
      "loss": 1.6117859668731689,
      "phase_mean": null,
      "phase_std": null,
      "phase_collapsed": null
    },
    "ComplexCapsuleB (phase=angle)": {
      "accuracy": 0.9129,
      "loss": 0.7037284974098206,
      "phase_mean": 0.06657886505126953,
      "phase_std": 1.8607746362686157,
      "phase_collapsed": false
    }
  },
  "affine_strong": {
    "RealCapsuleLarge": {
      "accuracy": 0.2182,
      "loss": 2.2107161231994628,
      "phase_mean": null,
      "phase_std": null,
      "phase_collapsed": null
    },
    "ComplexCapsuleB (phase=angle)": {
      "accuracy": 0.2981,
      "loss": 2.0759238246917726,
      "phase_mean": 0.12512831389904022,
      "phase_std": 1.939389944076538,
      "phase_collapsed": false
    }
  },
  "random_translate_sample1": {
    "RealCapsuleLarge": {
      "accuracy": 0.8782,
      "loss": 1.5956379135131835,
      "phase_mean": null,
      "phase_std": null,
      "phase_collapsed": null
    },
    "ComplexCapsuleB (phase=angle)": {
      "accuracy": 0.9105,
      "loss": 0.6766765244483948,
      "phase_mean": 0.0008107012836262584,
      "phase_std": 1.8454582691192627,
      "phase_collapsed": false
    }
  },
  "random_translate_sample2": {
    "RealCapsuleLarge": {
      "accuracy": 0.8738,
      "loss": 1.601195388031006,
      "phase_mean": null,
      "phase_std": null,
      "phase_collapsed": null
    },
    "ComplexCapsuleB (phase=angle)": {
      "accuracy": 0.901,
      "loss": 0.6899707699775696,
      "phase_mean": 0.0007010173285380006,
      "phase_std": 1.8459548950195312,
      "phase_collapsed": false
    }
  },
  "random_translate_sample3": {
    "RealCapsuleLarge": {
      "accuracy": 0.875,
      "loss": 1.5992386564254761,
      "phase_mean": null,
      "phase_std": null,
      "phase_collapsed": null
    },
    "ComplexCapsuleB (phase=angle)": {
      "accuracy": 0.9066,
      "loss": 0.6801088623046875,
      "phase_mean": -0.0005411854363046587,
      "phase_std": 1.8457438945770264,
      "phase_collapsed": false
    }
  },
  "random_translate_sample4": {
    "RealCapsuleLarge": {
      "accuracy": 0.8741,
      "loss": 1.5966867763519288,
      "phase_mean": null,
      "phase_std": null,
      "phase_collapsed": null
    },
    "ComplexCapsuleB (phase=angle)": {
      "accuracy": 0.907,
      "loss": 0.6799240482330322,
      "phase_mean": 0.0008563697920180857,
      "phase_std": 1.8439980745315552,
      "phase_collapsed": false
    }
  },
  "random_translate_sample5": {
    "RealCapsuleLarge": {
      "accuracy": 0.8771,
      "loss": 1.5970723163604736,
      "phase_mean": null,
      "phase_std": null,
      "phase_collapsed": null
    },
    "ComplexCapsuleB (phase=angle)": {
      "accuracy": 0.9072,
      "loss": 0.6750732103347779,
      "phase_mean": -0.0007818503654561937,
      "phase_std": 1.8456941843032837,
      "phase_collapsed": false
    }
  },
  "random_translate_scale_sample1": {
    "RealCapsuleLarge": {
      "accuracy": 0.9448,
      "loss": 1.5304023468017578,
      "phase_mean": null,
      "phase_std": null,
      "phase_collapsed": null
    },
    "ComplexCapsuleB (phase=angle)": {
      "accuracy": 0.9624,
      "loss": 0.5600996678352356,
      "phase_mean": 0.0063875517807900906,
      "phase_std": 1.843167781829834,
      "phase_collapsed": false
    }
  },
  "random_translate_scale_sample2": {
    "RealCapsuleLarge": {
      "accuracy": 0.9415,
      "loss": 1.5325267431259155,
      "phase_mean": null,
      "phase_std": null,
      "phase_collapsed": null
    },
    "ComplexCapsuleB (phase=angle)": {
      "accuracy": 0.9562,
      "loss": 0.567195006275177,
      "phase_mean": 0.0060367644764482975,
      "phase_std": 1.8421834707260132,
      "phase_collapsed": false
    }
  },
  "random_translate_scale_sample3": {
    "RealCapsuleLarge": {
      "accuracy": 0.9447,
      "loss": 1.530569546508789,
      "phase_mean": null,
      "phase_std": null,
      "phase_collapsed": null
    },
    "ComplexCapsuleB (phase=angle)": {
      "accuracy": 0.9583,
      "loss": 0.5652279545783997,
      "phase_mean": 0.007560999598354101,
      "phase_std": 1.8424012660980225,
      "phase_collapsed": false
    }
  },
  "random_translate_scale_sample4": {
    "RealCapsuleLarge": {
      "accuracy": 0.9465,
      "loss": 1.5301091232299804,
      "phase_mean": null,
      "phase_std": null,
      "phase_collapsed": null
    },
    "ComplexCapsuleB (phase=angle)": {
      "accuracy": 0.9595,
      "loss": 0.5644657244682312,
      "phase_mean": 0.004650566261261702,
      "phase_std": 1.8416821956634521,
      "phase_collapsed": false
    }
  },
  "random_translate_scale_sample5": {
    "RealCapsuleLarge": {
      "accuracy": 0.9445,
      "loss": 1.5305519006729127,
      "phase_mean": null,
      "phase_std": null,
      "phase_collapsed": null
    },
    "ComplexCapsuleB (phase=angle)": {
      "accuracy": 0.9623,
      "loss": 0.560079175567627,
      "phase_mean": 0.0035238382406532764,
      "phase_std": 1.8425116539001465,
      "phase_collapsed": false
    }
  },
  "random_affine_mild_sample1": {
    "RealCapsuleLarge": {
      "accuracy": 0.9582,
      "loss": 1.5147314558029175,
      "phase_mean": null,
      "phase_std": null,
      "phase_collapsed": null
    },
    "ComplexCapsuleB (phase=angle)": {
      "accuracy": 0.9698,
      "loss": 0.537630201625824,
      "phase_mean": 0.007444016635417938,