aux_loss,epoch,test_acc,test_loss,time,train_acc,train_loss
0.0,1,0.25,2.302487373352051,0.9837231636047363,0.0,2.302593469619751
