{
  "heldout_affine_left_zoom_sample1": {
    "ComplexCapsuleB (phase=angle)": {
      "examples": 10000,
      "phase_dims": 8,
      "phase_std": 1.6802679300308228,
      "factor_correlations": {
        "angle_degrees": {
          "best_feature": "sin_dim_6",
          "best_corr": 0.08662033081054688,
          "best_abs_corr": 0.08662033081054688,
          "mean_abs_corr": 0.02369699627161026
        },
        "translate_x_frac": {
          "best_feature": "cos_dim_6",
          "best_corr": -0.06356727331876755,
          "best_abs_corr": 0.06356727331876755,
          "mean_abs_corr": 0.017754483968019485
        },
        "translate_y_frac": {
          "best_feature": "cos_dim_7",
          "best_corr": 0.0919731855392456,
          "best_abs_corr": 0.0919731855392456,
          "mean_abs_corr": 0.030359622091054916
        },
        "scale": {
          "best_feature": "sin_dim_0",
          "best_corr": 0.02883150614798069,
          "best_abs_corr": 0.02883150614798069,
          "mean_abs_corr": 0.01281649712473154
        },
        "shear_x_degrees": {
          "best_feature": "sin_dim_6",
          "best_corr": 0.06729907542467117,
          "best_abs_corr": 0.06729907542467117,
          "mean_abs_corr": 0.015747101977467537
        },
        "shear_y_degrees": {
          "best_feature": "sin_dim_2",
          "best_corr": 0.017530471086502075,
          "best_abs_corr": 0.017530471086502075,
          "mean_abs_corr": 0.007791193667799234
        }
      }
    }
  },
  "heldout_affine_left_zoom_sample2": {
    "ComplexCapsuleB (phase=angle)": {
      "examples": 10000,
      "phase_dims": 8,
      "phase_std": 1.6834052801132202,
      "factor_correlations": {
        "angle_degrees": {
          "best_feature": "sin_dim_6",
          "best_corr": 0.09959390759468079,
          "best_abs_corr": 0.09959390759468079,
          "mean_abs_corr": 0.0291131641715765
        },
        "translate_x_frac": {
          "best_feature": "cos_dim_6",
          "best_corr": -0.05917012318968773,
          "best_abs_corr": 0.05917012318968773,
          "mean_abs_corr": 0.018064675852656364
        },
        "translate_y_frac": {
          "best_feature": "cos_dim_7",
          "best_corr": 0.09337445348501205,
          "best_abs_corr": 0.09337445348501205,
          "mean_abs_corr": 0.042176663875579834
        },
        "scale": {
          "best_feature": "sin_dim_6",
          "best_corr": 0.027127549052238464,
          "best_abs_corr": 0.027127549052238464,
          "mean_abs_corr": 0.008940848521888256
        },
        "shear_x_degrees": {
          "best_feature": "sin_dim_6",
          "best_corr": 0.0532822385430336,
          "best_abs_corr": 0.0532822385430336,
          "mean_abs_corr": 0.02086716517806053
        },
        "shear_y_degrees": {
          "best_feature": "cos_dim_5",
          "best_corr": 0.024326276034116745,
          "best_abs_corr": 0.024326276034116745,
          "mean_abs_corr": 0.012597428634762764
        }
      }
    }
  },
  "heldout_affine_left_zoom_sample3": {
    "ComplexCapsuleB (phase=angle)": {
      "examples": 10000,
      "phase_dims": 8,
      "phase_std": 1.6803436279296875,
      "factor_correlations": {
        "angle_degrees": {
          "best_feature": "sin_dim_6",
          "best_corr": 0.09154598414897919,
          "best_abs_corr": 0.09154598414897919,
          "mean_abs_corr": 0.025597332045435905
        },
        "translate_x_frac": {
          "best_feature": "cos_dim_6",
          "best_corr": -0.06519889086484909,
          "best_abs_corr": 0.06519889086484909,
          "mean_abs_corr": 0.02018420398235321
        },
        "translate_y_frac": {
          "best_feature": "cos_dim_7",
          "best_corr": 0.1205737367272377,
          "best_abs_corr": 0.1205737367272377,
          "mean_abs_corr": 0.03914474695920944
        },
        "scale": {
          "best_feature": "sin_dim_6",
          "best_corr": 0.05396922305226326,
          "best_abs_corr": 0.05396922305226326,
          "mean_abs_corr": 0.01197936199605465
        },
        "shear_x_degrees": {
          "best_feature": "sin_dim_6",
          "best_corr": 0.0529065802693367,
          "best_abs_corr": 0.0529065802693367,
          "mean_abs_corr": 0.00999011192470789
        },
        "shear_y_degrees": {
          "best_feature": "cos_dim_7",
          "best_corr": 0.027154909446835518,
          "best_abs_corr": 0.027154909446835518,
          "mean_abs_corr": 0.008265051059424877
        }
      }
    }
  },
  "heldout_affine_left_zoom_sample4": {
    "ComplexCapsuleB (phase=angle)": {
      "examples": 10000,
      "phase_dims": 8,
      "phase_std": 1.684409499168396,
      "factor_correlations": {
        "angle_degrees": {
          "best_feature": "sin_dim_6",
          "best_corr": 0.09793327748775482,
          "best_abs_corr": 0.09793327748775482,
          "mean_abs_corr": 0.030801061540842056
        },
        "translate_x_frac": {
          "best_feature": "cos_dim_6",
          "best_corr": -0.06520899385213852,
          "best_abs_corr": 0.06520899385213852,
          "mean_abs_corr": 0.02652500756084919
        },
        "translate_y_frac": {
          "best_feature": "cos_dim_7",
          "best_corr": 0.10298711806535721,
          "best_abs_corr": 0.10298711806535721,
          "mean_abs_corr": 0.03762108087539673
        },
        "scale": {
          "best_feature": "sin_dim_6",
          "best_corr": 0.04494723677635193,
          "best_abs_corr": 0.04494723677635193,
          "mean_abs_corr": 0.008714382536709309
        },
        "shear_x_degrees": {
          "best_feature": "sin_dim_6",
          "best_corr": 0.041073981672525406,
          "best_abs_corr": 0.041073981672525406,
          "mean_abs_corr": 0.015528833493590355
        },
        "shear_y_degrees": {
          "best_feature": "sin_dim_1",
          "best_corr": -0.014640489593148232,
          "best_abs_corr": 0.014640489593148232,
          "mean_abs_corr": 0.006516565568745136
        }
      }
    }
  },
  "heldout_affine_left_zoom_sample5": {
    "ComplexCapsuleB (phase=angle)": {
      "examples": 10000,
      "phase_dims": 8,
      "phase_std": 1.683882474899292,
      "factor_correlations": {
        "angle_degrees": {
          "best_feature": "sin_dim_6",
          "best_corr": 0.10890795290470123,
          "best_abs_corr": 0.10890795290470123,
          "mean_abs_corr": 0.029203319922089577
        },
        "translate_x_frac": {
          "best_feature": "cos_dim_6",
          "best_corr": -0.07899884879589081,
          "best_abs_corr": 0.07899884879589081,
          "mean_abs_corr": 0.01869768276810646
        },
        "translate_y_frac": {
          "best_feature": "cos_dim_7",
          "best_corr": 0.09836145490407944,
          "best_abs_corr": 0.09836145490407944,
          "mean_abs_corr": 0.039872195571660995
        },
        "scale": {
          "best_feature": "sin_dim_6",
          "best_corr": 0.046755313873291016,
          "best_abs_corr": 0.046755313873291016,
          "mean_abs_corr": 0.013473890721797943
        },
        "shear_x_degrees": {
          "best_feature": "sin_dim_6",
          "best_corr": 0.04515580087900162,
          "best_abs_corr": 0.04515580087900162,
          "mean_abs_corr": 0.014268973842263222
        },
        "shear_y_degrees": {
          "best_feature": "sin_dim_0",
          "best_corr": 0.031907375901937485,
          "best_abs_corr": 0.031907375901937485,
          "mean_abs_corr": 0.012847970239818096
        }
      }
    }
  },
  "heldout_affine_right_zoom_sample1": {
    "ComplexCapsuleB (phase=angle)": {
      "examples": 10000,
      "phase_dims": 8,
      "phase_std": 1.6550613641738892,
      "factor_correlations": {
        "angle_degrees": {
          "best_feature": "sin_dim_6",
          "best_corr": -0.1707177758216858,
          "best_abs_corr": 0.1707177758216858,