aux_loss,epoch,test_acc,test_loss,time,train_acc,train_loss
0.0018535701092332602,1,0.0,95.37835693359375,0.025878190994262695,0.0,2.669616222381592
