aux_loss,epoch,test_acc,test_loss,time,train_acc,train_loss
0.0005174554535187781,1,0.0,2.336569309234619,0.17801761627197266,0.0,2.294621467590332
