{
  "heldout_affine_left_zoom": {
    "ResidualCNNBaseline": {
      "examples": 4000,
      "train_examples": 2000,
      "test_examples": 2000,
      "feature_blocks": {
        "resnet_features": {
          "dims": 192,
          "factors": {
            "angle_degrees": {
              "r2": 0.35442107915878296,
              "mae": 5.691429138183594,
              "target_std": 8.631239891052246
            },
            "translate_x_frac": {
              "r2": 0.8983750343322754,
              "mae": 0.03666749969124794,
              "target_std": 0.1454697996377945
            },
            "translate_y_frac": {
              "r2": 0.8809963464736938,
              "mae": 0.03927368298172951,
              "target_std": 0.1460113674402237
            },
            "scale": {
              "r2": 0.18676793575286865,
              "mae": 0.03231517970561981,
              "target_std": 0.04341788962483406
            },
            "shear_x_degrees": {
              "r2": 0.06963557004928589,
              "mae": 3.6422476768493652,
              "target_std": 4.404892444610596
            },
            "shear_y_degrees": {
              "r2": 0.01522529125213623,
              "mae": 3.719003915786743,
              "target_std": 4.359432697296143
            }
          }
        }
      }
    }
  },
  "heldout_affine_right_zoom": {
    "ResidualCNNBaseline": {
      "examples": 4000,
      "train_examples": 2000,
      "test_examples": 2000,
      "feature_blocks": {
        "resnet_features": {
          "dims": 192,
          "factors": {
            "angle_degrees": {
              "r2": 0.5363727807998657,
              "mae": 4.863531589508057,
              "target_std": 8.80100154876709
            },
            "translate_x_frac": {
              "r2": 0.7714694738388062,
              "mae": 0.054400697350502014,
              "target_std": 0.1445646733045578
            },
            "translate_y_frac": {
              "r2": 0.8633893728256226,
              "mae": 0.04147001728415489,
              "target_std": 0.14220918715000153
            },
            "scale": {
              "r2": 0.09588956832885742,
              "mae": 0.04675156623125076,
              "target_std": 0.05804022029042244
            },
            "shear_x_degrees": {
              "r2": 0.054482877254486084,
              "mae": 3.567382335662842,
              "target_std": 4.330886363983154
            },
            "shear_y_degrees": {
              "r2": 0.041521310806274414,
              "mae": 3.5853583812713623,
              "target_std": 4.3043622970581055
            }
          }
        }
      }
    }
  }
}