{
  "0": {
    "BaselineMLP": {
      "accuracy": 0.9803,
      "loss": 0.10021802885586513,
      "phase_mean": null,
      "phase_std": null,
      "phase_collapsed": null
    },
    "RealCapsule": {
      "accuracy": 0.9888,
      "loss": 1.4746755653381347,
      "phase_mean": null,
      "phase_std": null,
      "phase_collapsed": null
    },
    "RealCapsuleLarge": {
      "accuracy": 0.9914,
      "loss": 1.4720849044799804,
      "phase_mean": null,
      "phase_std": null,
      "phase_collapsed": null
    },
    "ComplexCapsuleB (phase=angle)": {
      "accuracy": 0.9896,
      "loss": 0.451922607421875,
      "phase_mean": 0.04506392031908035,
      "phase_std": 1.7974534034729004,
      "phase_collapsed": false
    },
    "ComplexCapsuleSpatialB (phase=spatial_angle)": {
      "accuracy": 0.9909,
      "loss": 0.45376893334388735,
      "phase_mean": 0.07523668557405472,
      "phase_std": 1.7620774507522583,
      "phase_collapsed": false
    },
    "ComplexCapsuleA (full complex)": {
      "accuracy": 0.9905,
      "loss": 0.4526832943916321,
      "phase_mean": -0.07992109656333923,
      "phase_std": 1.8106127977371216,
      "phase_collapsed": false
    }
  },
  "15": {
    "BaselineMLP": {
      "accuracy": 0.9491,
      "loss": 0.2925088781955303,
      "phase_mean": null,
      "phase_std": null,
      "phase_collapsed": null
    },
    "RealCapsule": {
      "accuracy": 0.973,
      "loss": 1.4930579776763917,
      "phase_mean": null,
      "phase_std": null,
      "phase_collapsed": null
    },
    "RealCapsuleLarge": {
      "accuracy": 0.9714,
      "loss": 1.4898138820648192,
      "phase_mean": null,
      "phase_std": null,
      "phase_collapsed": null
    },
    "ComplexCapsuleB (phase=angle)": {
      "accuracy": 0.9781,
      "loss": 0.48714458532333377,
      "phase_mean": 0.021869026124477386,
      "phase_std": 1.81180739402771,
      "phase_collapsed": false
    },
    "ComplexCapsuleSpatialB (phase=spatial_angle)": {
      "accuracy": 0.9731,
      "loss": 0.49952076759338376,
      "phase_mean": 0.06319081038236618,
      "phase_std": 1.762463092803955,
      "phase_collapsed": false
    },
    "ComplexCapsuleA (full complex)": {
      "accuracy": 0.9737,
      "loss": 0.49348689975738524,
      "phase_mean": -0.0678117498755455,
      "phase_std": 1.798109531402588,
      "phase_collapsed": false
    }
  },
  "30": {
    "BaselineMLP": {
      "accuracy": 0.7761,
      "loss": 1.5392114042282103,
      "phase_mean": null,
      "phase_std": null,
      "phase_collapsed": null
    },
    "RealCapsule": {
      "accuracy": 0.8504,
      "loss": 1.5845808284759522,
      "phase_mean": null,
      "phase_std": null,
      "phase_collapsed": null
    },
    "RealCapsuleLarge": {
      "accuracy": 0.8503,
      "loss": 1.587406716156006,
      "phase_mean": null,
      "phase_std": null,
      "phase_collapsed": null
    },
    "ComplexCapsuleB (phase=angle)": {
      "accuracy": 0.88,
      "loss": 0.6958742246627808,
      "phase_mean": 0.013197450898587704,
      "phase_std": 1.8093147277832031,
      "phase_collapsed": false
    },
    "ComplexCapsuleSpatialB (phase=spatial_angle)": {
      "accuracy": 0.8557,
      "loss": 0.7706982763290405,
      "phase_mean": 0.06495334208011627,
      "phase_std": 1.7659868001937866,
      "phase_collapsed": false
    },
    "ComplexCapsuleA (full complex)": {
      "accuracy": 0.8589,
      "loss": 0.7394842578887939,
      "phase_mean": -0.08356363326311111,
      "phase_std": 1.7916827201843262,
      "phase_collapsed": false
    }
  },
  "45": {
    "BaselineMLP": {
      "accuracy": 0.4729,
      "loss": 5.205338992309571,
      "phase_mean": null,
      "phase_std": null,
      "phase_collapsed": null
    },
    "RealCapsule": {
      "accuracy": 0.5662,
      "loss": 1.8259047527313232,
      "phase_mean": null,
      "phase_std": null,
      "phase_collapsed": null
    },
    "RealCapsuleLarge": {
      "accuracy": 0.5873,
      "loss": 1.823995837211609,
      "phase_mean": null,
      "phase_std": null,
      "phase_collapsed": null
    },
    "ComplexCapsuleB (phase=angle)": {
      "accuracy": 0.6249,
      "loss": 1.2936722393035889,
      "phase_mean": 0.043862417340278625,
      "phase_std": 1.8128409385681152,
      "phase_collapsed": false
    },
    "ComplexCapsuleSpatialB (phase=spatial_angle)": {
      "accuracy": 0.618,
      "loss": 1.3262852230072022,
      "phase_mean": 0.07980427891016006,
      "phase_std": 1.7725415229797363,
      "phase_collapsed": false
    },
    "ComplexCapsuleA (full complex)": {
      "accuracy": 0.6046,
      "loss": 1.3420053951263429,
      "phase_mean": -0.09794868528842926,
      "phase_std": 1.782185673713684,
      "phase_collapsed": false
    }
  },
  "60": {
    "BaselineMLP": {
      "accuracy": 0.2447,
      "loss": 9.84095177307129,
      "phase_mean": null,
      "phase_std": null,
      "phase_collapsed": null
    },
    "RealCapsule": {
      "accuracy": 0.3102,
      "loss": 2.096388577270508,
      "phase_mean": null,
      "phase_std": null,
      "phase_collapsed": null
    },
    "RealCapsuleLarge": {
      "accuracy": 0.3481,
      "loss": 2.0736861389160155,
      "phase_mean": null,
      "phase_std": null,
      "phase_collapsed": null
    },
    "ComplexCapsuleB (phase=angle)": {
      "accuracy": 0.3685,
      "loss": 2.0012586433410644,
      "phase_mean": 0.06281817704439163,
      "phase_std": 1.8087327480316162,
      "phase_collapsed": false
    },
    "ComplexCapsuleSpatialB (phase=spatial_angle)": {
      "accuracy": 0.3773,
      "loss": 1.9605880195617675,
      "phase_mean": 0.07902684062719345,
      "phase_std": 1.7772107124328613,
      "phase_collapsed": false
    },
    "ComplexCapsuleA (full complex)": {
      "accuracy": 0.3632,
      "loss": 1.9856864536285401,
      "phase_mean": -0.09030452370643616,
      "phase_std": 1.772270679473877,
      "phase_collapsed": false
    }
  },
  "90": {
    "BaselineMLP": {
      "accuracy": 0.0941,
      "loss": 17.17807249145508,
      "phase_mean": null,
      "phase_std": null,
      "phase_collapsed": null
    },
    "RealCapsule": {
      "accuracy": 0.1476,
      "loss": 2.2972043479919435,
      "phase_mean": null,
      "phase_std": null,
      "phase_collapsed": null
    },
    "RealCapsuleLarge": {
      "accuracy": 0.1732,
      "loss": 2.269994355392456,
      "phase_mean": null,
      "phase_std": null,
      "phase_collapsed": null
    },
    "ComplexCapsuleB (phase=angle)": {
      "accuracy": 0.1625,
      "loss": 2.6101311084747314,
      "phase_mean": 0.08140671253204346,
      "phase_std": 1.8027167320251465,
      "phase_collapsed": false
    },
    "ComplexCapsuleSpatialB (phase=spatial_angle)": {
      "accuracy": 0.1432,
      "loss": 2.615589789581299,
      "phase_mean": 0.05683647841215134,
      "phase_std": 1.7848351001739502,
      "phase_collapsed": false
    },
    "ComplexCapsuleA (full complex)": {
      "accuracy": 0.1662,
      "loss": 2.5299592460632323,
      "phase_mean": -0.023261236026883125,
      "phase_std": 1.7451480627059937,
      "phase_collapsed": false
    }
  }
}