aux_loss,epoch,test_acc,test_loss,time,train_acc,train_loss
0.0,1,0.0,2.3013241291046143,0.08476138114929199,0.25,2.302367925643921
