aux_loss,epoch,test_acc,test_loss,time,train_acc,train_loss
0.0,1,0.0,2.329732656478882,0.7601010799407959,0.0,2.30859375
