{
  "0": {
    "RealCapsuleLarge": {
      "accuracy": 0.9903,
      "loss": 1.472439086151123,
      "phase_mean": null,
      "phase_std": null,
      "phase_collapsed": null
    },
    "ComplexCapsuleB (phase=angle)": {
      "accuracy": 0.9883,
      "loss": 0.4560146321296692,
      "phase_mean": 0.037769850343465805,
      "phase_std": 1.8191791772842407,
      "phase_collapsed": false
    }
  },
  "15": {
    "RealCapsuleLarge": {
      "accuracy": 0.9725,
      "loss": 1.4890997123718261,
      "phase_mean": null,
      "phase_std": null,
      "phase_collapsed": null
    },
    "ComplexCapsuleB (phase=angle)": {
      "accuracy": 0.9699,
      "loss": 0.50320168800354,
      "phase_mean": 0.03869863599538803,
      "phase_std": 1.8138511180877686,
      "phase_collapsed": false
    }
  },
  "30": {
    "RealCapsuleLarge": {
      "accuracy": 0.8449,
      "loss": 1.5892913248062133,
      "phase_mean": null,
      "phase_std": null,
      "phase_collapsed": null
    },
    "ComplexCapsuleB (phase=angle)": {
      "accuracy": 0.8492,
      "loss": 0.7655914102554321,
      "phase_mean": 0.010142172686755657,
      "phase_std": 1.8215456008911133,
      "phase_collapsed": false
    }
  },
  "45": {
    "RealCapsuleLarge": {
      "accuracy": 0.579,
      "loss": 1.8233991495132447,
      "phase_mean": null,
      "phase_std": null,
      "phase_collapsed": null
    },
    "ComplexCapsuleB (phase=angle)": {
      "accuracy": 0.5819,
      "loss": 1.3882759456634521,
      "phase_mean": 0.004440438933670521,
      "phase_std": 1.827224612236023,
      "phase_collapsed": false
    }
  },
  "60": {
    "RealCapsuleLarge": {
      "accuracy": 0.337,
      "loss": 2.082737913131714,
      "phase_mean": null,
      "phase_std": null,
      "phase_collapsed": null
    },
    "ComplexCapsuleB (phase=angle)": {
      "accuracy": 0.3239,
      "loss": 2.0568207710266115,
      "phase_mean": -0.016825802624225616,
      "phase_std": 1.8364816904067993,
      "phase_collapsed": false
    }
  },
  "90": {
    "RealCapsuleLarge": {
      "accuracy": 0.1526,
      "loss": 2.301135401916504,
      "phase_mean": null,
      "phase_std": null,
      "phase_collapsed": null
    },
    "ComplexCapsuleB (phase=angle)": {
      "accuracy": 0.1601,
      "loss": 2.5849357971191407,
      "phase_mean": -0.015262863598763943,
      "phase_std": 1.8460087776184082,
      "phase_collapsed": false
    }
  }
}